K,Triton,cuBLAS,cuTLASS
1024.000000,0.566175,0.586218,2.392088
4096.000000,2.146435,2.129253,3.726024
8192.000000,4.250993,4.221766,5.825792
