K,Triton,cuBLAS,cuTLASS
1024.000000,0.582975,0.574464,2.752422
4096.000000,2.157198,2.145109,3.944493
8192.000000,4.269568,4.189603,5.808320
