K,Triton,cuBLAS,cuTLASS
1024.000000,0.585149,0.606284,12.735854
4096.000000,2.203915,2.161713,3.788800
8192.000000,4.371243,4.218322,5.835776
