K,Triton,cuBLAS,cuTLASS
1024.000000,0.575009,0.592407,2.522311
4096.000000,2.142469,2.141113,3.740715
8192.000000,4.217643,4.214645,5.816661
