K,Triton,cuBLAS,cuTLASS
1024.000000,0.569534,0.582008,2.938946
2048.000000,1.088829,1.142666,2.825711
3072.000000,1.594931,1.679227,3.386297
4096.000000,2.149755,2.145280,4.072987
5120.000000,2.656525,2.661054,4.244285
6144.000000,3.263818,3.190925,4.849610
7168.000000,3.707136,3.688080,5.261312
8192.000000,4.220587,4.193047,5.716224
